og		94
i	90
og	89
so	66
ir	60
nų	39
ar	38
men	37
um	29
fel	26
min	26
an	24
du	24
war	24
dier	20
bar	19
noð	19
för	18
ien	18
nån	18
dar	17
dą̊	17
sig	16
åv	16
mig	15
að	14
al	14
int	14
it	14
at	13
fer	13
åm	13
sakt	13
upp	13
sę	12
far	11
werd	11
år	11
kumb	10
liteð	10
ulum	10
wart	10
djär	9
fą̊	9
til	9
edd	8
inte	8
sją̊	8
språk	8
ur	8
yvyr	8
ą̊	8
aut	7
dalska	7
eller	7
frą̊	7
fą̊	7
mes	7
sos	7
wil	7
will	7
åvå	7
dag	6
įe	6
sai	6
te	6
under	6
wet	6
dig	5
irå	5
litę	5
noger	5
nogų	5
ser	5
si´tt	5
snąrt	5
wið	5
amm	4
beller	4
byr	4
diem	4
eld	4
enner	4
gart	4
gor	4
jär	4
kann	4
legg	4
mįereld	4
ny	4
saggd	4
tag	4
tast	4
tokk	4
ukin	4
ulldum	4
um	4
werker	4
wildest	4
wär	4
auti	3
autą̊	3
bara	3
bellum	3
biuoð	3
dą̊	3
faðer	3
faið	3
fuglum	3
gard	3
glaseð	3
go	3
gumårån	3
guott	3
kenn	3
kunna	3
nånn	3
old	3
ollt	3
ringgum	3
rumplos	3
ses	3
sir	3
spisem	3
studir	3
tjär	3
undą̊	3
uord	3
upi	3
upą̊	3
wår	3
wend	3
wenter	3
wer	3
wilum	3
wįð	3
wårå	3
ärt	3
ą̊	3
åv	3
add	2
auttrykk	2
bell	2
bilem	2
bjär	2
byggt	2
byrer	2
djärå	2
dugd	2
dågå	2
eksempelmieningger	2
ellest	2
eð	2
familj	2
fikk	2
finan	2
fint	2
frå	2
fundir	2
fuok	2
fuost	2
gav	2
iess	2
iet	2
iett	2
i morgų	2
in	2
inni	2
inną̊	2
irå	2
kann	2
kringgt	2
kuogå	2
kwells	2
kwer	2
lass	2
lisslsyster	2
lär	2
mikkel	2
minn	2
mitjið	2
naug	2
netuordbuotję	2
nið	2
niðą̊	2
niðyvyr	2
ni´tter	2
nyan	2
nyų	2
näi	2
nų	2
oðer	2
oðra	2
older	2
ollum	2
ånum	2
uord	2
prudjektę	2
rett	2
rieð	2
rient	2
riktut	2
ruoli	2
saggt	2
sellskap	2
skemmas	2
skrepp	2
slais	2
stjyöra	2
styöst	2
summer	2
suolę	2
suoler	2
tar	2
twer	2
tyttj	2
tågå	2
ulld	2
uoss	2
uorteð	2
wais	2
waleð	2
wen	2
weras	2
werið	2
westryvyr	2
wild	2
witter	2
ärer	2
åt	2
övdalim	2
įe	2
adress	1
apt	1
agir	1
akuðireð	1
amme	1
an-dar	1
aungreð	1
arv	1
attrað	1
auauau	1
autkumin	1
autsokknes	1
auttryttj	1
autwendut	1
avið	1
baða	1
baið	1
baiðer	1
bait	1
beganstunggleð	1
belld	1
bigrip	1
bil	1
billigera	1
billit	1
bisikt	1
bisiktað	1
bistemdum	1
biswärlit	1
bityðer	1
biuoðum	1
biuoð til	1
bjärr	1
bjärrkallmą̊leð	1
bliekingger	1
bljåmmer	1
bljåmmeð	1
bluoð	1
borgeð	1
borg	1
brið	1
brindn	1
brukeð	1
Brunnsbjärr	1
Brunnsbjärs	1
bråska	1
bukkdalsk	1
bussn	1
buoskum	1
by	1
byddjer	1
byddjum	1
byrån	1
byrt	1
byönn	1
byönnbjärr	1
byörklovum	1
byövd	1
byövt	1
båtað	1
bördun	1
dai´tter	1
dait	1
dalsk	1
dalskum	1
dant	1
dier-dar	1
diel	1
diuorläkern	1
djärå	1
djäst	1
drag	1
driter	1
druog	1
dug	1
dugåð	1
dugå	1
duktin	1
duonað	1
dyr	1
dyrt	1
dåliger	1
eð-dar	1
eddið	1
ella	1
endą̊	1
endras	1
enst	1
estfiltum	1
eter	1
etą̊	1
etter	1
fann	1
fartem	1
feklar	1
feklarað	1
fektut	1
ferdut	1
ferger	1
fergum	1
ferið	1
feskrettjeli	1
fikk	1
fil	1
fingg	1
finggrär	1
finggum	1
fiuor	1
flekk	1
fliuogmasin	1
flyttfugler	1
fåmm	1
fą̊r	1
frið	1
frienę	1
frjådågą̊	1
fugel	1
fugelbuordeð	1
fugler	1
fundireð	1
fuostn	1
fuok	1
fuortsett	1
fy	1
fyer	1
fårå	1
gaið	1
gambel	1
gambeluord	1
gambler	1
gaundjin	1
gemer	1
graðer	1
grammatitjin	1
grann	1
grannest	1
granngardem	1
grannt	1
grensn	1
grist	1
gruppin	1
gruopę	1
gryvleð	1
gryönt	1
gråan	1
gubbam	1
gubban	1
gumårån	1
gunatt	1
guoð	1
guott	1
guså	1
guoðsklit	1
guoðtil	1
gävest	1
gåmålt	1
įedier	1
ielt	1
iema	1
iessn	1
ietter	1
i fiuord	1
ijel	1
i kweld	1
i lag	1
indjin	1
inggan	1
inggų	1
ini	1
inlegg	1
inn	1
innað	1
inną̊	1
intressirað	1
isn	1
iss	1
istoria	1
itjä	1
jomun	1
juni	1
juolę	1
juoln	1
jäldn	1
jällam	1
jälåkmakk	1
jällt	1
järeter	1
jät	1
jåp	1
jåpansig	1
kam	1
kanstji	1
kelindję	1
kelingger	1
kenner	1
kennes	1
kenntas	1
kniwitjum	1
klittkall	1
knakker	1
knauter	1
kni´tt	1
kottjin	1
kuogå	1
kuort	1
kripper	1
krippum	1
krokker	1
kruonur	1
kråy´sseð	1
kumum	1
kumå	1
kunn	1
kuogär	1
kuoti	1
kuok	1
kwellspasseð	1
laggt	1
laik	1
laikso	1
laivę	1
leså	1
liðun	1
lieðugåð	1
liever	1
lievur	1
ligg	1
linggber	1
lisslsyster	1
liteð	1
litę	1
liuog	1
liuotbra	1
loksåsem	1
lovdågå	1
lovvdag	1
luv	1
låg	1
lågå	1
låyun	1
magd	1
masse	1
midisin	1
mienes	1
mikklų	1
minuter	1
mjäst	1
morinslimpur	1
mun	1
nest	1
niðer	1
nogrų	1
noger	1
Norre	1
nyeksemplum	1
nytwai´dd	1
nyuordum	1
ną̊	1
nętį	1
ogenwalmer	1
oldum	1
oll	1
oller	1
olltiett	1
ostn	1
ostryvyr	1
uoss	1
passeð	1
planir	1
pära	1
pärur	1
rakker	1
ramsur	1
rassklikkum	1
rieða	1
riksdaem	1
rindj	1
ringgum	1
ruom	1
ruoli	1
rwieð	1
ryökter	1
ryttjer	1
ryöktað	1
rå	1
råðstemnun	1
röstkuorteð	1
rövin	1
saingger	1
saium	1
seld	1
set	1
sikk	1
sild	1
sildę	1
sją̊	1
sjäkker	1
sjäks	1
skain	1
skaulam	1
skeddjeð	1
skollam	1
skrievað	1
skriever	1
skåkå	1
slaikt	1
slepper	1
smuort	1
snikk	1
snullberę	1
snąrt	1
sokknum	1
somneð	1
spilå	1
språtjeð	1
spuord	1
spårå	1
stand	1
stelle	1
stellt	1
strömin	1
stugu	1
sturan	1
stuoð	1
styddjettą	1
ståvåð	1
summu	1
suolę	1
suorå	1
suolę	1
suoräð	1
syöks	1
sårt	1
såt	1
tau	1
tettjeð	1
tið	1
tiðę	1
tjilu	1
tjuosslan	1
tjyörtjgard	1
tjyrdritlem	1
tjyöksglasį	1
tjyöp	1
tjärrur	1
torkweðer	1
trivlit	1
truo	1
trykkte	1
trä´tt	1
tugä	1
tugåð	1
tundjin	1
tuos	1
tuol	1
twai´dd	1
twå	1
työlåð	1
tykkt	1
tytjer	1
työlå	1
työlåðskåpeð	1
ukker	1
uksum	1
ula	1
ulld	1
ulið	1
umbår	1
ųogås	1
uoni	1
uordę	1
uordeð	1
uorteð	1
ųosamser	1
uppes	1
uppą̊	1
uppyvyr	1
uppwið	1
upą̊	1
uvliuo´tt	1
ųosiðut	1
wakken	1
wannum	1
warmt	1
weðreð	1
wel	1
wela	1
welkumin	1
wenest	1
werm	1
weskall	1
wessn	1
westmanland	1
westą̊	1
wiid	1
wiktugest	1
wiktugester	1
wiktun	1
wikur	1
wila	1
wilað	1
willd	1
wilyptut	1
wiso	1
wittern	1
witå	1
wärdę	1
wärdn	1
wår	1
wårę	1
wįð	1
ymse	1
äln	1
ära	1
ärums	1
åk	1
åka	1
årę	1
åtta	1
åva	1
åvan	1
åvå	1
öve	1
ųogäs	1
so	778
uupið	700
uppum	650
dier	611
an	608
war	531
add	461
sig	400
ien	349
dar	342
ir	303
ig	280
menn	277
men	269
eð	259
min	239
it	224
nų	220
åv	214
um	202
för	195
du	184
mes	175
uppe	168
uppeð	167
diem	165
sos	161
wart	153
uppa	152
upp	152
til	134
såg	134
stien	131
aut	126
saggd	123
etter	122
unggär	121
sę	121
bar	121
að	119
kam	116
fel	109
mun	99
byrd	97
uppi	92
uppą̊	90
uppter	89
uppmin	88
litn	88
upi	87
lit	87
liteð	84
fuor	84
edd	83
te	82
ar	80
åvå	76
att	76
lite	71
int	69
inni	67
ulld	64
ungger	63
mig	63
wenn	62
yvyr	61
męrn	60
męrum 	60
unggum	60
yvyrað	60
yvst	60
fer	60
męrär	60
męre	60
męrę	60
męrer	60
inn	59
eld	59
werd	58
mjästa	58
mjäst	58
sjå	57
on	57
sjåið	56
al	55
ringgum	54
mennistjur	54
dyö	54
mę 	53
åyve	53
luv	52
tuog	52
ien	52
jåp	52
kåytt	51
noð	51
ienum	51
ini	51
noger	50
fikk	50
sakta	49
kennd	49
sakt	48
auti	47
låg	46
ju	46
sett	45
Övdaln	45
oll	45
nest	44
Övdalim	44
uorteð	44
stur	44
frå	44
an-dar	44
frą̊	44
irå	44
mun	43
lite	43
iett	43
laingger	42
om	42
eð-dar	42
gard	42
far	41
tuova	41
fą̊	41
atten	41
eller	41
rett	40
go	40
ärd	40
framm	39
dig	39
ollt	38
remd	38
remdum	38
remde	38
fram	38
dą̊	38
gart	38
jätå	38
just	37
kuogä	37
end	37
ev	37
spuord	36
weg	36
ja	36
liteð	36
tyster	35
tyst	35
nog	35
under	34
djärde	34
djärå	34
kumið	33
raisę	33
wiss	33
kullur	33
byönnär	33
dag	33
fast	33
små	32
rigåvur	31
skollam	31
wen	31
ogų	31
enn	31
oga	31
ogu	31
kumb	30
gainum	30
dan	30
willd	29
uos	29
Skolln	29
djikk	29
skollan	29
byönn	28
sov	27
unggą	27
yr	27
wet	27
snjäst	27
jär	27
nemmera	27
niði	27
såt	27
uld	26
ungga	26
unggum	26
noð	26
boð	26
fuost	26
guott	26
undå	25
ungger	25
will	25
tokk	25
fuortsett	25
millå	25
non	25
ogum	24
noger	24
mier	24
yöpt	24
sniuo	24
prisiss	24
dait	24
bokkam	24
autyr	24
laggd	24
ietter	24
dugd	24
weem	23
wårå	23
tast	23
nai	22
raitt	22
wend	22
sårt	22
enner	22
druog	22
etter	22
inną̊	22
saia	21
launggt	21
laik	21
stienna	21
witå	21
trair	21
suole	21
grall	21
eter	21
dier-dar	21
iessn	21
kumb	21
kåyt	21
iet	21
seg	20
sjå	20
slut	20
truor	20
stuoð	20
om-dar	20
bit	20
beller	20
įe	20
kliev	20
koll	20
summu	19
sainum	19
rekkt	19
takkur	19
wið	19
ulum	19
tjär	19
gaungg	19
bokkan	19
bokkam	19
au	19
bokker	19
ennes	19
dait-að	19
bra	19
raisut	18
ostryvyr	18
onn	18
sitt	18
sir	18
si´tt	18
olltiett	18
förståum	18
djingg	18
autå	18
naug	18
iel	18
förstuoð	18
sju	17
raisug	17
räðn	17
ollum	17
uoss	17
weðreð	17
tainkt	17
swartn	17
minn	17
en	17
byönnum	17
atte	17
autför	17
lär	17
gnukäð	17
flier	17
fingg	17
rettnu	16
redd	16
örn	16
ogt	16
lat	16
säkert	16
uona	16
wiso	16
tulta	16
stypplas	16
siuov	16
ettersos	16
endą̊	16
dug	16
daiti	16
djär	16
faið	16
kuogå	16
inggan	16
indjin	16
fygd	16
flog	16
tykkt	15
ses	15
older	15
nevån	15
mumun	15
wär	15
weroðrum	15
uvendes	15
undres	15
umm	15
grå	15
fuotum	15
fafar	15
aute	15
byrt	15
kuogäð	15
kumå	15
krippum	15
kalln	15
jät	15
räsä	14
påytjin	14
på	14
munu	14
lagd	14
stjyör	14
sumu	14
sluo	14
skollan	14
sain	14
kwer	14
fikkun	14
fikk	14
fann	14
år	14
enn-dar	14
kripper	14
jen	14
iuop	14
fy	14
finngum	14
riktut	13
ramum	13
rak	13
nogu	13
nið	13
ukin	13
welest	13
tag	13
stypples	13
runt	13
kenndes	13
gor	13
frek	13
ära	13
framter	13
mennistj	13
luo	13
litn	13
lande	13
lainggst	13
slaikt	12
släkt	12
stelle	12
stugu	12
set	12
muna	12
niðą̊	12
niðą̊	12
påykan	12
ul	12
uonde	12
yöpte	12
wari	12
ugst	12
stuoð	12
sturan	12
trätt	12
tuova	12
daitað	12
dieras	12
grannt	12
iem	12
dait-að	12
ärdes	12
amm	12
attonað	12
bögles	12
litt	12
måyre	12
milumað	12
mitt	12
ligg	12
jägern	12
kapittleð	12
kåyun	12
lag	12
sluteð	11
stelld	11
stugun	11
munn	11
muosk	11
nitter	11
wattnę	11
wild	11
wis	11
ulið	11
wais	11
waist	11
byöver	11
dyö-ðar	11
fårå	11
ainggd	11
belld	11
bjärre	11
irum	11
kall	11
kumið	11
finns	11
gryvleð	11
ingg	11
son	10
somneð	10
snart	10
straitt	10
stell	10
stark	10
ser	10
rigåvum	10
ollu	10
slais	10
slaik	10
sjuov	10
wel	10
unggrun	10
twer	10
wittern	10
wila	10
wert	10
taim	10
taið	10
straks	10
traine	10
tollem	10
teppt	10
oller	10
försiktut	10
faið	10
eva	10
gaið	10
fromonað	10
friðåð	10
brutås	10
av	10
åt	10
dugå	10
dörär	10
dågå	10
måyrn	10
lupte	10
livendes	10
old	10
nið	10
mitjið	10
krytyreð	10
kanenda	10
itje	10
liuotans	10
littera	10
lärd	10
raiseð	9
prinsesskraungnu	9
ny	9
Relldalsäðn	9
redder	9
raivas	9
liuoð	9
liep	9
legg	9
nossn	9
mikklu	9
mennistjum	9
rennd	9
ungger	9
umstað	9
traimm	9
wil	9
warmt	9
wakkkneð	9
snjäst	9
skuotið	9
såvå	9
tjikkum	9
swartam	9
straiðest	9
eð	9
dugde	9
dält	9
grann	9
fuku	9
etterfuota	9
autą̊	9
äru	9
akka	9
byönner	9
brågå	9
baidd	9
grannstienn	9
kråysse	9
kanstji	9
jält	9
lärt	9
kwistär	9
kweðå	9
inggu	9
ietteð	9
iemat	9
jällt	9
jäldn	9
jäldem	9
råså	8
sienest	8
sigelkautum	8
skaiðum	8
Prestbudum	8
oðer	8
onum	8
pass	8
passe	8
skåv	8
swart	8
tie	8
wanlit	8
tolln	8
suoräð	8
sleppt	8
smell	8
stie	8
stugum	8
byssu	8
diem-dar	8
framyvyr	8
iendier	8
byönnunggär	8
bil	8
akka	8
biln	8
brott	8
imiln	8
munnem	8
neveð	8
niði	8
niðmin	8
Kuolmark	8
isn-jär	8
kenn	8
kom	8
kullum	8
rieð	7
raiseð	7
porrfyrstienn	7
pipte	7
röv	7
sener	7
saindjin	7
saina	7
saggt	7
menn	7
livå	7
liuoseð	7
laggt	7
mikkel	7
otą̊	7
nogum	7
nevum	7
muot	7
uppe	7
uorteð	7
uoni	7
uol	7
uppter	7
wilað	7
wildera	7
wikur	7
werið	7
stienem	7
stand	7
spann	7
slå	7
stuoð	7
tunggu	7
tjyöteð	7
tau	7
sturer	7
dumm	7
byggd	7
byddjer	7
buð	7
eddje	7
faðer	7
etterfuotum	7
enda	7
ellest	7
Ävesbjärr	7
attryvyr	7
årę	7
ärt	7
bilem	7
brunn	7
brindkåvtjyöte	7
brindam	7
boð	7
ietið	7
guoveð	7
gunggeð	7
gav	7
iwari	7
kwiðn	7
kumið	7
kumið	7
krippär	7
finn	7
fin	7
ferstuoð	7
fåmm	7
föreld	7
fuota	7
full	7
fugel	7
framą̊	7
sainu	6
sandlåðun	6
senn	6
poitjin	6
rövin	6
ryddjem	6
stakk	6
stals	6
straiðera	6
sikund	6
sovið	6
sovu	6
neveð	6
nevi	6
nevį	6
morgun	6
mörkt	6
ną̊	6
ona	6
påykam	6
pip	6
nordyvyr	6
oðer	6
ogera	6
wattneð	6
wekst	6
wellt	6
waitt	6
wann	6
watjin	6
wettj	6
wið	6
wiek	6
werkligen	6
wessn	6
westryvyr	6
suðyvyr	6
suoreð	6
tågå	6
sturum	6
styörrera	6
Styppelbru	6
tiðn	6
tyttjer	6
wail	6
taima	6
tar	6
tep	6
mjotje	6
byr ą̊	6
daitter	6
dist	6
bjärrum	6
bruka	6
buðkulla	6
erde	6
etą̊	6
fanns	6
djäv	6
duktin	6
ener	6
åtut	6
autferin	6
autsetter	6
åsem	6
åta	6
atter	6
bell	6
biet	6
bjärreð	6
båðer	6
båðer	6
bårną̊l	6
kåyta	6
kontrollem	6
kruppem	6
jälåk	6
kallem	6
kåvin	6
kwim	6
lot	6
mainum	6
krytyr	6
kumið	6
kweldn	6
förunder	6
fromonað	6
fullt	6
farum	6
feld	6
ferið	6
ijug	6
ill	6
inte	6
garde	6
grettjraiseð	6
gryvel	6
skaulam	5
skauln	5
skråytt	5
skriev	5
skuona	5
saggt	5
skaiðär	5
skaiðrennerum	5
skaiðum	5
skäkäð	5
slepp	5
språka	5
stanne	5
stekkt	5
stjien	5
stjuot	5
sliðir	5
småkå	5
sniuomm	5
so	5
sportallem	5
nytt	5
oðer	5
oðern	5
os	5
påyk	5
Munkäðn	5
munur	5
nammen	5
namneð	5
ner	5
probliem	5
riepeð	5
rovę	5
rovin	5
saggde	5
saggde	5
rað	5
rait	5
ram	5
Relldalsäðe	5
rieðu	5
uosynlin	5
upp-að	5
uppyr	5
uvljuott	5
waitogum	5
ugel	5
umringg	5
undelit	5
uort	5
uosynlig	5
walt	5
wenest	5
weroðer	5
weroðrum	5
wilum	5
wiðåbit	5
wår	5
wekkt	5
weks	5
welest	5
wenanan	5
sund	5
suoln	5
suoräd	5
suoräd	5
syntes	5
stjyöru	5
stur	5
sturt	5
stusseð	5
styvle	5
syster	5
twär	5
twask	5
twersomneð	5
twisä	5
tyster	5
til	5
tjikka	5
trai	5
trampur	5
tri	5
damb	5
dans	5
diger	5
Digerbjärrsween	5
dis	5
brukeð	5
buðum	5
byddj	5
bymm	5
daitum	5
disa	5
ela	5
ende	5
estem	5
ester	5
faðer	5
djienn	5
dörum	5
drömd	5
drömem	5
drust	5
Åytjbjärr	5
bellum	5
bend	5
bitið	5
biuorn	5
ann	5
 mą̊	5
apt	5
ärum	5
attrum	5
bjärgum	5
brinder	5
brindjakt	5
brindn	5
brinduksan	5
brinduksn	5
blis	5
brägär	5
brieðwid	5
brinda	5
brindär	5
kenner	5
Klittem	5
klittkallär	5
kull	5
kwistn	5
innter	5
issanjär	5
ittað-jär	5
jär	5
keldun	5
kwistum	5
menistjur	5
mieter	5
minut	5
morgus	5
mörkne	5
lasseð	5
liuosera	5
liuost	5
liuotest	5
livärn	5
fiuor	5
förswann	5
fuglär	5
fuol	5
gaið	5
faingen	5
feð	5
ferið	5
fersiktut	5
fikku	5
gardem	5
grasį	5
grav	5
gryvleð	5
ienda	5
ijel	5
gläemäð	5
glemmt	5
glimäð	5
gnukå	5
grannn	5
roð	4
riktug	4
renn	4
ruogardem	4
saingg	4
ryddjin	4
ruogardn	4
råka	4
porrfyrstįe	4
parkirindjin	4
Relldalim	4
remde	4
rem	4
Relldaln	4
slaið	4
skwäpä	4
skuddjin	4
slaspeð	4
smelld	4
slieta	4
slaungg	4
sit	4
settj	4
saium	4
skäkäð	4
skrieð	4
skremd	4
skarpt	4
par	4
lypteð	4
lypteð	4
lukkeð	4
maus	4
mörk	4
mitjið	4
minuta	4
liuotweðreð	4
lisslum	4
lissl	4
ljuoð	4
lukka	4
lugneð	4
lop	4
om	4
olld	4
ogest	4
örnär	4
Övdaln	4
Övdalim 	4
östakk	4
niðer	4
nevåm	4
nemmest	4
niðmin	4
oðrer	4
nogumstas	4
noger	4
sokk	4
undrað	4
ukk	4
työreð	4
uok	4
uppyvyr	4
uottu	4
uosteð	4
tuomt	4
tuokut	4
torn	4
tur	4
työðurn	4
twisäð	4
twerwakkneð	4
werm	4
werið	4
werda	4
winn	4
yvyrlivå	4
witun	4
wisst	4
wait	4
waingga	4
uvliuott	4
wakknað	4
weddjin	4
wåt	4
Wasaloppeð	4
toluger	4
stendeð	4
starker	4
stanneð	4
stjinnkuppu	4
stuolem	4
strekkt	4
straiðera	4
sovið	4
sommned	4
sommnað	4
spartjin	4
spräkäð	4
spilå	4
spennend	4
tjäre	4
tiu	4
tiðn	4
tjyölbuðn	4
tolle	4
tolle	4
toll	4
sumbra	4
styörr	4
stutt	4
swemnem	4
tept	4
tårär	4
takktjyöteð	4
liett	4
ela	4
eð	4
durreð	4
endam	4
etta	4
est	4
enne	4
djärd	4
direkt	4
digrer	4
drokk	4
drupå	4
drömde	4
dröm	4
förbi	4
Flåy	4
flakseð	4
föreld	4
fros	4
fromonað	4
friuos	4
fartn	4
farllit	4
farlin	4
finggrum	4
fjäll	4
firi	4
fint	4
dalska	4
åvtaim	4
äventyr	4
auauau	4
bellt	4
bög	4
böem	4
bluoð	4
aprilla	4
aprill	4
andyrun	4
åsn	4
åtu	4
attoni	4
åstabletta	4
buðär	4
brygder	4
brygd	4
daem	4
däl	4
daitą̊	4
daindj	4
brindkåv	4
brinder	4
bresteð	4
brindkåvem	4
brune	4
brukeð	4
bruk	4
funndira	4
kluok	4
klient	4
klemmd	4
kolla	4
krippum	4
kripp	4
kolld	4
kautn	4
kaulun	4
kaulu	4
kåya	4
klaiv	4
kennes	4
kåyter	4
laindje	4
laindj	4
laið	4
lainggera	4
liet	4
latt	4
läk	4
kumum	4
kulla	4
kristallkaulu	4
kuogeð	4
kwist	4
kweðå	4
kuorpin	4
kasteð	4
grensem	4
grens	4
granner	4
grensn	4
ið	4
guoð	4
gron	4
fuotär	4
fuoreldrär	4
funndireð	4
gemd	4
gnuog	4
gnukåð	4
glämäð	4
jägg	4
itte	4
itjä	4
jobb	4
kantn	4
kåmpis	4
kakao	4
ien	4
iemskt	4
iemi	4
inggan	4
iss	4
irið	4
innað	4
saia	3
rygg	3
rwieð	3
rwaiða	3
ruom	3
sienera	3
settj	3
seð	3
sak	3
sainkt	3
ruolit	3
probliemeð	3
Prestbuder	3
pjeksun	3
pister	3
pikkes	3
rieðu	3
rek	3
raungenbere	3
råka	3
raiv	3
sliett	3
sliðum	3
sliðin	3
skwåpå	3
skuon	3
snið	3
smygeð	3
smäkä	3
sluteð	3
sluta	3
skuoem	3
skarper	3
skaiðrenner	3
simma	3
simma	3
sikunda	3
skugge	3
skria	3
skotern	3
skot	3
skarpera	3
måysär	3
masse	3
masin	3
main	3
mai	3
mjäst	3
miend	3
mienas	3
mettan	3
menistj	3
lyst	3
liuotjälåk	3
liuos	3
liuoð	3
liteð	3
lisslan	3
lypteð	3
lypta	3
lukka	3
ljuotfaingin	3
liuotredder	3
ogtalerum	3
ogg	3
ogestað	3
oga	3
oðerwais	3
piekt	3
pieka	3
ostn	3
örner	3
older	3
note	3
muosåm	3
muoln	3
mörder	3
mjotse	3
mjotjin	3
nogrer	3
niðför	3
nesta	3
nakkstjinneð	3
Nabbjärgum	3
sniuo'nn	3
undą̊	3
ulldum	3
ukað	3
tyskum	3
tyskär	3
uord	3
uonun	3
uonu	3
uon	3
ųogås	3
tyska	3
tuokas	3
tungner	3
tunggleð	3
trätter	3
trainu	3
tyla	3
twiseð	3
twersommneð	3
tuorrklauta	3
tuold	3
wilað	3
wiku	3
wiðåstakk	3
werr	3
wermd	3
yöger	3
yppenspisem	3
windägd	3
wind	3
willde	3
wermam	3
wakkneð	3
wakknað	3
upyr	3
uppdainggd	3
upað	3
weðrę	3
weðrę	3
wätära	3
wärdn	3
wakkner	3
stuppeð	3
stuoln	3
stuol	3
strik	3
stjansn	3
suoltn	3
suolstjinį	3
stuttera	3
sturu	3
sturgron	3
stinner	3
språkeð	3
spienna	3
sonę	3
sommin	3
sommen	3
stienum	3
stiene	3
stieg	3
starkera	3
stað	3
tjyner	3
tjipptes	3
tittera	3
tektn	3
teggummi	3
tolltullam	3
togg	3
tjyöteð	3
Tjyörtjbynn	3
Tjyörtjbymm	3
takktjittn	3
sykta	3
swenska	3
swemnem	3
swegd	3
swartu	3
takktjittam	3
taeð	3
syntes	3
synes	3
sykteð	3
dimb	3
dield	3
denn	3
danseð	3
daityvyr	3
drömer	3
drikk	3
draið	3
djivið	3
djävå	3
daiterað	3
byörkum	3
byönnuon	3
byönnungga	3
byönnfuoskerär	3
byönnåyvę	3
daer	3
daär	3
byt	3
byövd	3
byöva	3
felleð	3
fekt	3
fassneð	3
fart	3
farlliger	3
firiað	3
fil	3
fieta	3
fergur	3
fem	3
fari	3
enneres	3
enes	3
ender	3
eddum	3
eddjeð	3
fą̊r	3
estum	3
estn	3
ent	3
ennt	3
baiða	3
båðum	3
båðer	3
åyvum	3
autyvyr	3
best	3
bekk	3
bara	3
bandeð	3
baitt	3
autsaiðun	3
amme	3
amme	3
akkeð	3
ainggt	3
äja	3
attrað	3
ärer	3
ärdes	3
åp	3
andyr	3
buðum	3
bruotje	3
bruker	3
brinde	3
briedd	3
byönnåyv	3
byönna	3
bynn	3
byggt	3
buordeð	3
brägä	3
biswällit	3
bistemmt	3
biravin	3
bild	3
bigripa	3
brågå	3
bögles	3
blästem	3
blå	3
biuoða	3
flettas	3
knåytt	3
klukka	3
klautum	3
klautum	3
klappeð	3
kordjin	3
kordjem	3
kollum	3
kollt	3
kneppt	3
klänindje	3
kann	3
kaipend	3
kaipeð	3
juol	3
jåpið	3
kennt	3
keldbekk	3
kåyu	3
kåytend	3
karulin	3
lagt	3
laðun	3
laðu	3
läa	3
lä	3
legu	3
laungg	3
lass	3
läp	3
läkte	3
kwere	3
kunna	3
kuleð	3
krytyrum	3
Krosskeldun	3
kråysse	3
kweldą	3
kwelda	3
kweglur	3
kwegel	3
kuogär	3
fygt	3
fuostað	3
fuoru	3
fuoreldrer	3
fuokstattjin	3
gaungga	3
gaundjin	3
gäpä	3
gantes	3
gantas	3
fuok	3
förtuorvað	3
föld	3
flytta	3
flierum	3
flettes	3
funneð	3
frutt	3
froða	3
frek	3
framfuotum	3
imblem	3
illrokk	3
ietteð	3
ienn	3
gulleð	3
jakt	3
issu	3
irið	3
irið	3
innunder	3
guðelin	3
gnukeð	3
gnukär	3
glämäð	3
glað	3
gema	3
guð	3
gron	3
grien	3
granna	3
gnuog	3
saungg	2
Seln	2
sentimieter	2
sikk	2
sikunder	2
såmårn	2
såmårn	2
sästjilt	2
säta	2
saundjem	2
siuover	2
skaulam	2
skaule	2
skaule	2
skauln	2
skaulum	2
sjäks	2
sjuover	2
skåðå	2
skåkå	2
skåråbrind	2
ruoli	2
ruomeð	2
ruotur	2
rusta	2
rwaiða	2
rienest	2
rievus	2
riktug	2
riktun	2
rukkeð	2
rwiðið 	2
saiðun	2
sainer	2
säker	2
säkrer	2
sakta	2
rwiðið 	2
rwieð	2
ryömdes	2
sä'tt	2
sai ðun	2
skåvu	2
snust	2
snyöre	2
spartjin	2
spesiellt	2
språkeð	2
slutað	2
smakkeð	2
small	2
smygend	2
snurreð	2
språtjeð	2
spyra	2
stað	2
stakieteð	2
starteð	2
stiäls	2
spruteð	2
spuni	2
spuort	2
sputte	2
sputteð	2
skersetu	2
skerweddjin	2
skolla	2
skoter	2
skråytte	2
skegg	2
skelld	2
skeller	2
skemmdes	2
skereð	2
skrieva	2
slaiku	2
slarv	2
slarva	2
slaspa	2
sliði	2
skrievde	2
skuggam	2
skuggan	2
skugge	2
skugge	2
rienan	2
muosån	2
muoskera	2
murra	2
murre	2
murreð	2
munes	2
Munkäðe	2
Munkäðn	2
muolnum	2
Muora	2
näi	2
nikkeð	2
nordonað	2
Norre	2
norterwester	2
nytjyln	2
nammin	2
ner	2
netär	2
niðonað	2
niðwið	2
masse	2
måyrum	2
måyser	2
menna	2
mennistjkrippär	2
luvå	2
lykklig	2
lykklin	2
maiga	2
maru	2
merkt	2
mjok	2
mörkan	2
mukeð	2
mukeðið	2
mukeðum	2
mieð	2
miereld	2
mikkler	2
mjärg	2
mjästa	2
oðern	2
puss	2
pusteð	2
räðn	2
ragg	2
råkað	2
plass	2
prikkun	2
prinsessa	2
prinsessų	2
prinsessur	2
råkas	2
reddeð	2
Relldalsbuðum	2
remer	2
renner	2
rieð	2
rakke	2
räsär	2
räsprekklun	2
rätjin	2
rauk	2
övdalskun	2
painas	2
paint	2
papir	2
papirum	2
oðern	2
Ogås	2
oldum	2
ollstass	2
om	2
papp 	2
piekeð	2
pikkeð	2
pinna	2
pjäksa	2
pjäksur	2
papper	2
påytjin	2
pelsem	2
pelsn	2
pelsum	2
stien	2
uosynligan	2
ųotä'n	2
ųotäg	2
uoteð	2
up	2
uop	2
uopem	2
uoper	2
uopin	2
uost	2
uppað	2
uvsturer	2
wågur	2
waila	2
wailer	2
wailt	2
uppfer	2
uppmin	2
upter	2
uvonað	2
uvstur	2
ula	2
ulað	2
ulið	2
ullde	2
umstað	2
työðurn	2
työreð	2
tystera	2
uansig	2
ugser	2
undą̊	2
ųokunnug	2
uokunnut	2
ųokunnut	2
uole	2
uolį	2
undelig	2
undeligum	2
underlig	2
underlit	2
undrað	2
wainggum	2
wildera	2
wildest	2
windägd	2
winkeð	2
wint	2
welta	2
werdes	2
werið	2
wermin	2
werr	2
wiseð	2
yögernevån	2
yörum	2
yörumer	2
yvyrollt	2
yvyrað	2
wisterframfuotn	2
witeð	2
witterdag	2
wittra	2
ymse	2
wargär	2
warm	2
warman	2
waru	2
wasaloppsandyrun	2
wakken 	2
wakkin	2
wakkneð	2
wappleð	2
wårbistyr	2
wasst	2
weð	2
weðerkuonn	2
weðre	2
wegg	2
weggum	2
wåta	2
wattn	2
watustattjin	2
wavel	2
wavleð	2
tylld	2
sumbrem	2
summulund	2
sunną̊	2
sutterwester	2
swainggd	2
sturtollum	2
styörra	2
styöru	2
styöstn	2
styvlum	2
swelt	2
syöks	2
syöksum	2
syskun	2
taið	2
takka	2
Swerre	2
swettn	2
swettun	2
sykter	2
syn	2
stjinnett	2
stjuotfelteð	2
straið	2
straiðest	2
straiðest	2
stiener	2
stierd	2
stjärå	2
stjåv	2
stjellur	2
straitt	2
sturgriener	2
sturgronum	2
sturmåyre	2
sturpåykum	2
sturstię	2
strutte	2
stungnum	2
stuoliðs	2
stuppeð	2
sturfuotjeð	2
takktjitt	2
trena	2
troðäð	2
truodde	2
truoligen	2
tultun	2
tolltull	2
töner	2
trå	2
traitt	2
tråum	2
tundjin	2
tuorr	2
tuorrer	2
tuos	2
turist	2
twiksam	2
tųo	2
tuokes	2
tuorås	2
tuornę	2
tuorneð	2
tatjeð	2
tävlindje	2
tekstn	2
ti'tt	2
tiennan	2
takktjittan	2
takkum	2
tannum	2
tappeð	2
tappeð	2
tienne	2
tjilu	2
tjilumieter	2
tjitt	2
tjyötmaungg	2
tjyre	2
tiuoga	2
tiuoga	2
tjäpta	2
tjäptär	2
tjikeð	2
luss	2
elst	2
emes	2
ennda	2
erdem	2
erdn	2
dunkeð	2
duona	2
dyösummu	2
eleð	2
elld	2
erdum	2
falla	2
farllin	2
fartem	2
fartn	2
fekst	2
ermas 	2
ester	2
etersos	2
ettur	2
faingner	2
diel	2
diem	2
diuopu	2
drag	2
drait	2
daitonað	2
dalim	2
daln	2
darfrą̊	2
dett	2
driet	2
duktiger	2
dumba	2
dumbe	2
dunäð	2
duneð	2
dritį	2
dröma	2
drömt	2
dugde	2
duktig	2
fekteð	2
frą̊	2
fråmånað	2
fråmåni	2
fråtå	2
fråtådråja	2
fnallendes	2
föråreð	2
förostn	2
förståið	2
förswannu	2
frätär	2
fuoreldra	2
fuorm	2
fuosseð	2
fuotjeð	2
fuotlos	2
frätär	2
fugelbu	2
fugeln	2
fundirsam	2
funggirer	2
fest	2
festeð	2
festeð	2
fester	2
finan	2
fem	2
ferg	2
ferga	2
fergum	2
ferunder	2
finggreð	2
flakseð	2
flierer	2
fliuog	2
fliuogend	2
fnall	2
finnas	2
Finnlassby	2
fissla	2
fissleð	2
flaksa	2
daitað	2
bait	2
baitas	2
band	2
bårną̊l	2
bereð	2
åvan	2
avið	2
avut	2
åyve	2
baiða	2
berum	2
bjärreð	2
bjärrkallkulla	2
blakka	2
blakker	2
blås	2
bettjin	2
birim	2
bityðer	2
bityðer	2
biwårå	2
akudireð	2
alkeð	2
and	2
andes	2
andyra	2
aisem	2
adde	2
aisn	2
åka	2
aku	2
annlitum	2
armum	2
åstablett	2
ätjeð	2
ätjeð	2
attrað	2
äpeð	2
ärdas	2
åreð	2
Ärgrav	2
armin	2
bläseð	2
byönnem	2
byönnungg	2
byönnunggum	2
byönnuonun	2
byörtjin	2
buordeð	2
buotję	2
buotjin	2
byddjum	2
byggde	2
byöva	2
dą̊	2
däeð	2
dai	2
daindja	2
dainggt	2
byövdes	2
byrd ą̊	2
byrdas	2
byssun	2
byssur	2
brägäð	2
brått	2
bråtter	2
brindan	2
brindkåvin	2
blästa	2
blätwåt	2
bög	2
boller	2
bön	2
brindum	2
buðstugun	2
bune	2
buok	2
buord	2
buordę	2
brukeð	2
brun	2
bruner	2
brussneð	2
bry	2
fuotn	2
kuorpär	2
kuppe	2
kuppmörkt	2
kuwertę	2
kuwerteð	2
kullų	2
kullum	2
kullun	2
kullur	2
kumið	2
kwað	2
lågu	2
Laiðe	2
Laiðe	2
Laiðn	2
laikt	2
kweglum	2
kweldem	2
kwemtun	2
kwiðn	2
läa	2
krakseð	2
krameð	2
kraungna	2
kringg dig	2
krippa	2
koldgraðär	2
koldgraðer	2
kontrollem	2
kopp	2
koppleð	2
krippą 	2
kropp	2
kruppin	2
kulla	2
kullą	2
kullu	2
kripper	2
krippum	2
krokkeð	2
krop	2
kropp	2
laingtas	2
liuotredd	2
ljuot	2
ljuotbra	2
ljuotfrek	2
ljuotgrann	2
littn	2
littn	2
littnað	2
liuotdis	2
liuotdist	2
ljuotgrannt	2
lungen	2
lungt	2
lupt	2
luptn	2
luss	2
ljuotmitjið	2
ljuoträðn	2
ljuotträtt	2
ljuotwellt	2
luddur	2
läpt	2
launggu	2
leppem	2
lerblaðer	2
lerblaðum	2
laivę	2
laiveð	2
läkum	2
lampur	2
landeð	2
les	2
limna	2
lisslkulla	2
lisslkullu	2
lisslkuvån	2
lisslpåykan	2
lieva	2
lievur	2
lika	2
likeð	2
liker	2
kold	2
grist	2
gristera	2
grone	2
gronum	2
gryönt	2
gråvå	2
grävär	2
grens	2
grensem	2
gręstes	2
gryvel	2
iema	2
iema	2
iemað	2
iembygdsgardn	2
iemnest	2
gunatt	2
guoler	2
häj	2
iega	2
ielan	2
gamtkall	2
gar	2
går	2
garer	2
gasn	2
fyer	2
fyörd	2
gaið	2
gambelweem	2
gamblan	2
gemt	2
grammatitjin	2
grann	2
graseð	2
grasį	2
grått	2
gerde	2
gluðreð	2
gnaið	2
goum	2
gråera	2
iemsk	2
kastjį	2
katt	2
kåya	2
kåytt	2
kelindjin	2
kaiper	2
kallär	2
kåmpisn	2
kanennda	2
kapp	2
kelinggär	2
klien	2
klyönär	2
klyöra	2
klyörd	2
knin	2
kelingge	2
kelingger	2
kelinggum 	2
klar	2
klaut	2
illrokker	2
inað	2
inað	2
inne	2
innum	2
iend	2
ienumdier	2
iessn	2
iesum	2
ietteð	2
itt	2
jåploser	2
järfrą̊	2
järtað	2
kaipað	2
kaipað	2
ittað	2
itter	2
jäger	2
jäldkalln	2
jälmin	2
skåya	1
skellt	1
sker	1
skereð	1
skauln	1
skaurman	1
skaurmannsmuolnę	1
skåv	1
skersetun	1
skollär	1
skolle	1
skoterlieðn	1
skereð	1
skerį	1
skerį	1
skersetun	1
skaulkamrater	1
skard	1
skarp	1
skarpbokkam	1
skarpbokkan	1
skaistorum	1
skäkär	1
skamper	1
skapnaðum	1
skät ą̊	1
skaulam	1
skaule	1
skaulkåmpisär	1
skarpbokkan	1
skarpbottjin	1
skarpin	1
skarpliuose	1
skoternytjyln	1
skwäpäð	1
skwäpär	1
skwäped	1
skwekt	1
skuom	1
skuonär	1
skuot	1
skwåpå	1
slaita	1
släktliðum	1
slapp	1
slarva	1
slaikan	1
slaiker	1
slaikum	1
slait åv	1
skuoläð	1
skråyter	1
skremas	1
skremder	1
skremdes	1
skoterstyvle	1
skräpär	1
skråyta	1
skråyta	1
skromt	1
skuld	1
skuo	1
skuog	1
skremer	1
skremt	1
skrettjem	1
skrier	1
skain	1
sambel	1
samblas	1
sandem	1
sandn	1
sainggum	1
sal	1
såmårmorgun	1
såmårn	1
säte	1
säteð	1
saundjin	1
sauru	1
sandn	1
sannt	1
sant	1
sästjild	1
saingger	1
rymma	1
Rymmdalim	1
ryömes	1
ryömes	1
rwieð	1
rwieð	1
rykkt	1
Rymdaln	1
saiðu	1
saiðun	1
saindję	1
saindjin	1
ryömums	1
ryttjið	1
sagu	1
sagun	1
såvå	1
skä'tt ą̊	1
skaiðär	1
skaiðbokkum	1
skaiðrenneram	1
sjuklað	1
sjumm	1
sjuovt	1
sjuund	1
skaiðstorär	1
skaidum	1
skaiðum	1
skaiður	1
skaiðrennerer	1
skaiðrennern	1
skaiðrennerum	1
skaiðstor	1
sjal	1
siglend	1
sigler	1
siglum	1
sikk	1
setið	1
siffrur	1
sigelkaut	1
sigleð	1
siuoð	1
siuoda	1
siuovum	1
sjäkst	1
sikund	1
sinur	1
sittj	1
sittjum	1
slarva	1
stettja	1
stettja	1
stettjer	1
stiälås	1
statyer	1
stekkte	1
stellum	1
stendeð	1
stiennur	1
stierder	1
stiesäte	1
stįeskarp	1
stiälend	1
stienär	1
stiener	1
stienna	1
stattjem	1
stainggt	1
stakieted	1
stakkarem	1
stakker	1
stað	1
staiem	1
staig	1
stain	1
stakkum	1
stampeð	1
starkester	1
starkt	1
stakker	1
stakkes	1
Stakktjyölim	1
Stakktjyöln	1
stig	1
stjildes	1
stjilt	1
stjinett	1
stjinneð	1
stjikk	1
stjikkeð	1
stjikkeð	1
stjildas	1
stjinnriem	1
stjinnstyvlum	1
stjuortu	1
stjuoss	1
stjinnettur	1
stjinnfeld	1
stjinnkuppan	1
stjinnkuppum	1
stjellur	1
stinn	1
stitji	1
stjäf	1
stjälla	1
stikåm	1
stikån	1
stilla	1
stillaðer	1
stjella	1
stjellą	1
stjellu	1
stjellum	1
stjällur	1
stjans	1
stjär	1
stjåva	1
sta'nnum	1
smyöreð	1
snaia	1
snauta	1
snautu	1
smalt	1
smelln	1
smelta	1
smeltwattneð	1
sniuo	1
sniuoreku	1
sniuosteð	1
snoð	1
snautu	1
snautum	1
snett	1
snieð	1
smaler	1
slingg	1
slingga	1
slingga	1
slundjeð	1
slarvu	1
slasper	1
slätja	1
sliet	1
slutum	1
Smågan	1
smäkäð	1
smal	1
slundjin	1
slungga	1
slungge	1
sluteð	1
snorun	1
spinnas	1
spinnas	1
spinnrukk	1
spinnrukk	1
spienna	1
spilä	1
spiläð	1
spilmennistjur	1
spruta	1
spryndjur	1
spuonneð	1
sputtend	1
spinnruttjem	1
spinnruttjin	1
sportdryttjin	1
språtjeð	1
spienna	1
soffun	1
sokk	1
sömd	1
sommned	1
snurreð	1
snus	1
snuseð	1
soð 	1
spark	1
spartjem	1
spartjin	1
spið	1
sommneð	1
sommner	1
soppär	1
spaðir	1
rwaiða	1
ogauseð	1
oger	1
ogga	1
okeð	1
oðerwais	1
oðran	1
oðrer	1
ogað	1
ollder	1
olleriuop	1
olleriuop	1
ollltiett	1
okeð	1
okeðum	1
okið	1
okkelknaul	1
oðer	1
nykklem	1
nypånsupp	1
nypånsuppu	1
nysilaðmjotję	1
nyår	1
nyåreð	1
nyer	1
nyes	1
nytter	1
nyttugieter	1
nyu	1
nyuppsett	1
nyslipaðknaivär	1
nyspuoråðer	1
nytjyl	1
nytjyl	1
olltiett	1
övkallum	1
öy	1
pain	1
paind	1
öve	1
övend	1
overalln	1
övin	1
painskliger	1
painut	1
pakiet	1
pakietę	1
paindes	1
paindes	1
paindesið	1
painer	1
övdalsku	1
operira	1
orað	1
oraðir	1
oraðir 	1
olme	1
olmer	1
on	1
onumes	1
ostes	1
öt	1
oufaliger	1
övdalska	1
örnem	1
Ossa	1
Östermykklaingg	1
ostersaiðun	1
nuoggrannt	1
Muossi	1
murra	1
musitjem	1
myðn	1
muolnę	1
muolngubb	1
muoskeð	1
Muossam	1
näj	1
nakkan	1
nakkåreð	1
nammneð	1
mykklaingsbrune	1
myötesplass	1
myssmyöreð	1
nå'dd	1
munnstjyddeð	1
mjokskwektär	1
mjokskwektum	1
modärner	1
mokað	1
mjokausa	1
mjokbytt	1
mjoknindje	1
mjokskwekkt	1
mörkera	1
motjeð	1
mukäð	1
mumun	1
mokner	1
mördern	1
mörka	1
mörkbrun	1
namnę	1
niðyvyr	1
nikkeð	1
nista	1
nista	1
niðerför	1
niðoni	1
niðum	1
niðunder	1
nor	1
nordą̊	1
norter	1
nuoga	1
nistun	1
nitterað	1
niu	1
niund	1
niðerfer	1
nerva	1
nervär	1
Neseð	1
Nesį	1
namneð	1
ną̊t	1
nebbem	1
nemmer	1
niðað	1
niðað	1
niðað	1
niðer	1
Nessjumm	1
Nessjunn	1
netinnum	1
nevåm	1
pakieteð	1
riener	1
rient	1
rienu	1
riep	1
rens	1
rettj	1
riagireð	1
rien	1
ringgär	1
riserv	1
riservat	1
risultateð	1
riepeð	1
rigåv	1
riktugum	1
rindje	1
rennerär	1
rattjin	1
raungenber	1
raungenberum	1
ravleð	1
räsprekklun	1
rästn	1
rätjem	1
rätjem	1
rema	1
remend	1
remt	1
rennendes	1
rekå	1
Rella	1
Relldalsbuðär	1
Rellu	1
riteð	1
rulla	1
rulleð	1
ruolig	1
ruolig	1
rövim	1
rövin	1
rövir	1
rövum	1
Ruot	1
Ruotndalim	1
Ruotne	1
ruotum	1
ruoliger	1
ruoligu	1
ruolin	1
ruomeð	1
rövålyttja	1
roðer	1
roðer	1
roðetta	1
roðettu	1
roð	1
roð	1
roðan	1
roðbiln	1
roðu	1
rottnað	1
rottur	1
Routndaln	1
roðpjukett	1
roðpjuketta	1
roðpjukettun	1
roðu	1
räsprekklun	1
pjäksun	1
pjäksur	1
pjäksur	1
plassem	1
pinnum	1
pipeð	1
piperkakur	1
pjäksum	1
poll	1
pollem	1
porrfyr	1
Porrfyrdammin	1
plastem	1
plastkafikappär	1
plåtask	1
plyögde	1
pinnan	1
parkira	1
parrkirað	1
parrkirað	1
påykum	1
pannkaku	1
pannkakur	1
papir	1
paralysira	1
pieka	1
pieker	1
piekte	1
pikkes	1
pelsa	1
pelsär	1
peningg	1
penningger	1
porrfyrem	1
råkes	1
rakka	1
rakkaller	1
rakkallum	1
rais	1
Raisbjärr	1
råkeð	1
råker	1
rambleð	1
rappeð	1
räsäð	1
räsprekklug	1
rakkan	1
rakkband	1
rakkweper	1
råma	1
raingner	1
probliemeð	1
prutestira	1
puostjäld	1
puostjäldem	1
porrfyrn	1
poytjin	1
Prestbuðsknallem	1
prikkuger	1
raingenbugå	1
raingenbugån	1
raingenbugir	1
raingendrupir	1
puostjäldn	1
rað	1
råð	1
raddjin	1
uppdainggder	1
uppeð	1
uppeð	1
uppes	1
uottum	1
ųotuoluger	1
upą̊	1
upað	1
upptaiðner	1
usekt	1
uvkollt	1
uvkollt	1
uppes	1
uppgainum	1
uppstuppað	1
upptaið	1
uottlos	1
uordum	1
uorka	1
uorkeð	1
uorm	1
uonlos	1
uonne	1
uor	1
uordlist	1
ųosteð	1
uostgą̊s	1
uostn	1
ųosynliger	1
uorrum	1
uorteð	1
ųoruoliger	1
ųosamser	1
uvmikkel	1
waiter	1
waitfjäðrär	1
waitklädd	1
waitklauta	1
waisa	1
waiser	1
waisur	1
waitan	1
wåkå	1
wåkåð	1
wäker	1
wakknið	1
waitprikkär	1
waittennär	1
waitu	1
waitum	1
wainggär	1
uvstierd	1
uvstinn	1
wåg	1
waiðum	1
uvmitjið	1
uvner	1
uvner	1
uvogt	1
waiðumum	1
waig	1
waiger	1
waild	1
waiðum	1
waiðumera	1
waiðumt	1
waiðumt	1
uondloskrytyre	1
tyttjum	1
tyttkall	1
uälaiku	1
ugsa	1
työrwiðim	1
tytta 	1
tyttj	1
tyttja	1
ukker	1
uksam	1
Uksbjärr	1
uksn	1
ugsa	1
ugser	1
ugste	1
ukað	1
työrwiði	1
twinggeð	1
ty'lla	1
ty'ller	1
tydlig	1
twerwart	1
twerwend	1
twesk	1
tweska	1
työðrum	1
työður	1
työlbun	1
työreð	1
tydlin	1
tyeð	1
tyla	1
työðrem	1
ukum	1
ųodäl	1
uoðeð	1
uoendes	1
ųogäs	1
ungge	1
unggum 	1
unngär	1
ųobörger	1
uolteð	1
uolteð	1
uon	1
uondlosfugeln	1
ųogrotteli	1
uoknaulskiuoknaul	1
ųolaiker	1
uoleð	1
undrum	1
ulltuss	1
ulluottu	1
ultrarapið	1
umråð	1
ulað	1
ulið	1
ullsukkur	1
ulltråyur	1
underlig	1
underligan	1
underlin	1
undrað	1
umslaeð	1
umstað	1
undeliger	1
undeligu	1
wakknum	1
wikkneð	1
wiktugan	1
wiktun	1
wiktut	1
wiðera	1
wiðlyptuger	1
wiðlyptun	1
wiitrum	1
winde	1
winder	1
windfelle	1
winggel	1
wildest	1
wildum	1
winda	1
windað	1
wiðåspisn	1
werra	1
wessl	1
wessleð	1
westą̊	1
werkligietn	1
werman	1
weroðrer	1
weroðrum	1
wiðåbitum	1
wiðåkabb	1
wiðålåð	1
wiðåpinna	1
westað	1
wester	1
wettjer	1
wiðåbita	1
winggla	1
Yöllandę	1
Yöllandeð	1
yöpa	1
yppnas	1
yögerarmin	1
yögerframfuotn	1
yögernevåm	1
yögernevån	1
yvyrlivå	1
yvyrraska	1
yvyrtygaðer	1
yvyrraska	1
yppningg	1
yrmerkt	1
ytun	1
yvyrað	1
ymsum	1
wisse	1
wister	1
wisterframfuotem	1
wistersaiðun	1
winggler	1
winkeð	1
winklum	1
wiso	1
witterkweld	1
wittra	1
wittrem	1
wyum	1
witåð	1
witið	1
witter	1
witterdågå	1
werkligiete	1
Wasaloppeð	1
wask	1
wasker	1
waskuger	1
warmkakao	1
wårsain	1
wårsenn	1
warut	1
wätera	1
wätest	1
wåtklauta	1
wattustakk	1
wäsnas	1
wäsnes	1
wassað	1
wåter	1
Wargmåyrn	1
wanlin	1
wanlin	1
wappel	1
wappler	1
walt	1
wanlig	1
wanlig	1
wanligu	1
wåre	1
wåres	1
warg	1
Wargmåyr	1
wår sett	1
wårå	1
wärde	1
wärdn	1
watukruk	1
weneviga	1
went	1
wenta	1
wenteð	1
welta	1
wende	1
wendum	1
wendur	1
werdas	1
werdið	1
werdum	1
weres	1
wenter	1
wepa	1
weras	1
werd iwari	1
wellt	1
wegåstjilį	1
wegåstjilį	1
wegger	1
wegum	1
watun	1
watustakktjin	1
watuwaigdn	1
weddje	1
welkumin	1
welkumner	1
wellera	1
wellest	1
weksa	1
wekseð	1
wekste	1
welindjin	1
twerwakkneð	1
swartplastn	1
swartruta	1
swartsjuok	1
swartwattneð	1
swalt	1
swar	1
swartan	1
swartbiln	1
swensku	1
swett	1
swettem	1
swettes	1
swegde	1
swemmen	1
swemmin	1
swenskeð	1
swalera	1
suoðið	1
suodwattneð	1
suolbrend	1
suoldater	1
summstas	1
sundag	1
sundrivner	1
sunndan	1
swagt	1
swagulin	1
swaiða	1
swaiða	1
suolstrålär	1
suolur	1
suttjeð	1
swagde	1
swettn	1
tån	1
tanun	1
tapp	1
tappa	1
takkluptn	1
takkstjinnę	1
takkur	1
tålås	1
taungna	1
taunke	1
tävlingger	1
teg	1
tårum	1
tasseð	1
tassend	1
tatuira	1
takkjaktn	1
sykt	1
sykteð	1
syler	1
syöks	1
swettug	1
swettun	1
swipeð	1
syðerlutun	1
tagum	1
taia	1
taið	1
taintj	1
taggd	1
taggde	1
taggt	1
tagið	1
summer	1
stugur	1
stugur	1
stuguweddjin	1
stungin	1
struokstikk	1
struta	1
struter	1
stuguknautn	1
stupper	1
Sturbrot	1
sturbruoðer	1
sturbyönnem	1
stungna	1
stuoln	1
stuped	1
stupped	1
striuokstikkur	1
stjylter	1
stjymma	1
stjymt	1
stjyör	1
stjuossað	1
stjuota	1
stjydd	1
stjydda	1
stråle	1
stråln	1
straupam	1
straupe	1
stjyörumtil	1
Stokkol	1
stokkolmern	1
stolleð	1
sturjuoleð	1
stutt	1
stuttkalsaungg	1
styöst	1
styöst	1
sturuksan	1
Sturwardem	1
Sturwardn	1
sturwen	1
sueð	1
sumber	1
sumbra	1
sumbrer	1
styöstam	1
stypplend	1
stypples	1
styrde	1
sturtråy	1
sturmåyrn	1
sturoga	1
sturorað	1
sturpåytjin	1
sturkasungg	1
sturkrippär	1
sturlikeð	1
sturmåyrär	1
sturtollem	1
sturtollem	1
sturtoller	1
sturtolln	1
sturskollan	1
sturstyvel	1
stursyster	1
sturtolla	1
tegg	1
troðåð	1
truoeð	1
tryllkallkull	1
trysklär	1
trimm	1
triuo	1
trivlig	1
trivlin	1
tugär	1
tullan	1
tungg	1
tunggin	1
trysklum	1
tryttj	1
tuddjeð	1
tuddjeð	1
trim	1
ton	1
torkeð	1
trä'ttneð	1
traivs	1
tollum	1
tolpt	1
tom 	1
tomer	1
tråy	1
tretti	1
trettund	1
trievs	1
trampa	1
trampeð	1
Transtrand	1
trättan	1
tunggleð	1
twädd	1
twemm	1
tweråkruoka	1
tweråswaingg	1
turem	1
tusn	1
tussem	1
twå undrað	1
twerspuord	1
twerstą'neð	1
twerstierd	1
twerunggruger	1
twerkam	1
twerraitt	1
twersäker	1
twerslaungg	1
tuppstjinneð	1
tuogið	1
tuogum	1
tuok	1
tuokug	1
tunggt	1
tunggun	1
tungna	1
tunnest	1
tuorrtolltyörwiårwraið	1
tuorrtolltyörwiðårwaiður	1
tuosk	1
tuost	1
tuokun	1
tuomtkall	1
tuorrt	1
tuorrt	1
tolltullan	1
timberkabbe	1
timberkabbum	1
tiu	1
tiugu	1
tienu	1
til	1
tilsaggd	1
timberkabba	1
tjälleram	1
tjälleram	1
tjällerglasį	1
tjällern	1
tiugufem	1
tiund	1
tiuoger	1
tjäller	1
tiennu	1
tekst	1
tekt	1
tektem	1
temblem	1
tegg og teg	1
tegga	1
teggum	1
teknitjin	1
tettje	1
tettjjäkku	1
tið	1
tienam	1
tennär	1
tepp	1
teptes	1
tettjbryökum	1
tjällertatjeð	1
tjyötjį	1
tjyr	1
tjyrę	1
tjyrferdum	1
tjyölbuðsweddjin	1
tjyöpt	1
tjyört	1
tjyöteð	1
tollkwistą	1
tollkwistär	1
tollkwistum	1
Tolltullam	1
tokkað	1
tokkeð	1
tollkwista	1
tollkwistą	1
tjyölbuðe	1
tjikk	1
tjikkär	1
tjikke	1
tjirurg	1
tjäpt	1
tjäptum	1
tjikersykte	1
tjikersykteð	1
tjymm	1
tjyner	1
tjyöksbuord	1
tjyölbuð	1
tjisslas	1
tjittam	1
tjittan	1
tjittstainggsleð	1
mjästa	1
ekster	1
ekstra	1
ekstrer	1
ela	1
eddið	1
egg	1
eggum	1
ekster	1
elljuosandyrun	1
ellopt	1
elsningger	1
elum 	1
ela	1
eleð	1
eler	1
ellåv	1
eð	1
dugdum	1
dugið	1
dugið	1
dugum	1
dugå	1
dugåð	1
dugde	1
dugdið	1
dummt	1
dunäð	1
durrninggär	1
dykt	1
dugum	1
duktit	1
dumbu	1
dumbun	1
emes	1
et lands	1
et nyes	1
etbaker	1
etta	1
eststjuoss	1
et friðs	1
et kwells	1
et laivs	1
etterfuotem	1
etterfuotum	1
ettermiddan	1
ettum	1
etter	1
etteråt	1
etterfuot	1
etterfuotär	1
ervde	1
enneres	1
enteli	1
entelig	1
erdär	1
endar	1
endels	1
endelse	1
enner	1
eril	1
erilem	1
errur	1
erva	1
erder	1
erdskaið	1
erdskaiðum	1
erdum	1
dug	1
digel 	1
digerulluottu	1
digeruotta	1
digleð	1
dieler	1
diem	1
dier	1
digel	1
diste	1
diuopa	1
djärum	1
djienna	1
digler	1
disa	1
diser	1
diskripp	1
daungneð	1
däler	1
däliete	1
dalim	1
dalskeð	1
daiter	1
daitum	1
däl	1
Dalarna	1
daretter	1
dari	1
darinne	1
darinne	1
dalskeð	1
dambe	1
dambeð	1
dane	1
djiet	1
drömer	1
drömin	1
drömum	1
drop	1
drituger	1
dritun	1
drivur	1
drömär	1
drusa	1
druser	1
druste	1
dryttjin	1
drukkner	1
drupäð	1
drupin	1
drusa	1
dritstattjem	1
dogg	1
döråpar	1
drågå	1
dragtjaia	1
djinggum	1
dǫ'nnað	1
döa	1
doddjeð	1
driev	1
drikka	1
drikkum	1
driteð	1
dragtjaiur	1
draið	1
draita	1
drar	1
ev	1
framsaiðun	1
fråtå	1
frätä	1
frðiär	1
framfuotem	1
framme	1
frammin	1
frammlest	1
friär	1
friðå	1
friðn	1
friðn	1
frekt	1
fren	1
fręs	1
fręst	1
framað	1
fnalla	1
fnalle	1
fnaller	1
foll	1
fliuogend	1
flueð	1
flugum	1
flytteð	1
förwandlað	1
fråað	1
frågum	1
framą̊	1
förbirieð	1
förestellningg	1
förlåt	1
förstienðer	1
friðoðer	1
fuoreldrum	1
fuoreldrum	1
fuortfarend	1
fuoskerär	1
funneð	1
fuokstattjem	1
fuola	1
fuoler	1
fuotem	1
fuotendam	1
fuotjeð	1
fya	1
fuostgaundjin	1
fuostn	1
fuot	1
fuotdieln	1
funndirsammer	1
fromoni	1
frostaðglas	1
frukuost	1
frunda	1
frisk	1
friuos	1
friuosa	1
froðun	1
fullan	1
fuller	1
fullu	1
funndireð	1
frusið	1
frusin	1
fugla	1
fugler	1
flineð	1
femti	1
fer	1
ferbi	1
ferder	1
feldn	1
fellið	1
femmt	1
femtą̊	1
fertjyld	1
fertuorvað	1
fesiktut	1
fesk	1
ferder	1
ferdum	1
ferswið	1
fertaiðn	1
feldem	1
fåið	1
faingin	1
familjem	1
familln	1
eva	1
evde	1
evdum	1
extratråyur	1
fastkliemað	1
fat	1
feklara	1
fektas	1
fanta	1
fasn	1
fassnað	1
fassneð	1
fest i	1
fisslas	1
fisslas	1
fissler	1
fiuord	1
finggrum	1
finggrum	1
finng	1
firiað	1
fjåkseð	1
flaðrend	1
flakser	1
flätär	1
fiuortą̊	1
fiuorum	1
fjåks	1
fjåksas	1
fingger	1
festår	1
festeð	1
festuoð	1
fesuonneð	1
festå	1
festå'ss	1
festað	1
festað	1
fila	1
filum	1
filur	1
finer	1
fibbern	1
fietan	1
fieter	1
fikst	1
dainggd	1
bäkäð	1
bakkeð	1
bakterium	1
bäsäð	1
baiðað 	1
baidde	1
baiðe	1
baiðið	1
bellum	1
bestað	1
bettjem	1
bien	1
bedd	1
bella	1
bellið	1
bellum	1
baiða	1
avið	1
åvsukkur	1
åvsukkur	1
avuger	1
autsett	1
äv	1
äventyreð	1
äventyrum	1
båð	1
baða	1
baðruomeð	1
baið lite	1
avun	1
åvwegs	1
Åyk	1
baaiðum	1
bieneð	1
biundreram	1
biwåkå	1
biwis	1
bjär	1
bitålå	1
bitär	1
bitn	1
bityðer	1
bjärrkallmåleð	1
bjuoða	1
blåbessuppu	1
blåer	1
bjärå	1
bjärr	1
bjärrkallkull	1
bjärrkallkullunes	1
bitaiðsfrå	1
bildörum	1
bile	1
bilweem	1
bilysningg	1
bigriper	1
bigripið	1
biktråðn	1
bilär	1
bistjieliger	1
biswälit	1
bitaiðsfrå	1
bitaiðsfrå	1
bistemd	1
bistemder	1
bistemdu	1
bistemmd	1
autsaiðun	1
ambrer	1
andyru	1
andyrur	1
åne	1
akuðira	1
akun	1
akutienn	1
Amberrais	1
annliteð	1
åpeð	1
äpeð	1
äpeð	1
aneð	1
aner	1
anlit	1
anlitum	1
akka	1
aindjend	1
aindjer	1
ainggel	1
ais	1
 rymsk sig	1
 i gårmorgus	1
ą̊ by	1
äðn	1
aiser	1
aiskolder	1
aisn	1
aisum	1
aisa	1
aisbit	1
aisbiter	1
aisbitum	1
ar snorkellindje	1
atteppt	1
attepptu	1
attonað	1
attonað	1
årum	1
årun	1
ärur	1
attą̊	1
aurweðreð	1
auseð	1
autferin	1
autferner	1
attoni	1
attrumaisað	1
attrumaisaðer	1
attrumsni'dder	1
åruger	1
ärde	1
ärdið	1
årdningg	1
ärdum	1
ära	1
äras	1
arbiet	1
årbollär	1
arpeð	1
ärproppa	1
ärre	1
årug	1
arm	1
armär	1
armem	1
arpa	1
blakker	1
buomullstuss	1
buorið	1
buoske	1
buosker	1
buoðið	1
buoðið	1
buomað	1
buomulln	1
butt	1
butte	1
buttn	1
buttum	1
buoskum	1
Buossllbjärr	1
buosteð	1
buswissleð	1
buoðið	1
buðkull	1
buðkullur	1
buðstelle	1
buðstugu	1
brymseð	1
bryöker	1
bryökum	1
buðfuotjeð	1
bulla	1
bullan	1
bullan	1
buoð 	1
bufuok	1
bufuotjeð	1
Bukkelrais	1
bukullur	1
by	1
Byssbuðum	1
byssum	1
bystugu	1
bystugum	1
byrdes	1
byrdum	1
byrer	1
byssa	1
daer	1
dagum	1
daindjer	1
dainer	1
bystugun	1
bytas	1
däa	1
däeð	1
byrånendn	1
byggde	1
byönndrite	1
byönnkåmpis	1
byönnluptn	1
by'tt	1
byddjið	1
byer	1
bygdegardem	1
byöves	1
byövum	1
byråendn	1
byrånendam	1
byönnramär	1
byönntjäptär	1
byönnumes	1
byönnuona	1
brygder	1
bolld	1
Bossldal	1
bradda	1
bradda	1
boka	1
bokuger	1
bokun	1
boll	1
bräkäð	1
brann	1
brasu	1
brett	1
braddun	1
bräðum	1
braguger	1
bräkäð	1
Boggbjärr	1
blestem	1
bliomme	1
bliommem	1
blo'tt	1
blästem	1
blästn	1
blått	1
blendað	1
blotera	1
blotmuosån	1
blyaspenn	1
blyaspennur	1
blot	1
blotan	1
blotbroð	1
bloteð	1
brið	1
bruok	1
bruokfikka	1
bruokfikku	1
bruokfikku	1
brundgrävär	1
brune	1
brunswart	1
brunt	1
brussner	1
brutäs	1
brutið	1
brygder	1
bruotję	1
bruotjin	1
brussn	1
brussna	1
brundgrav	1
brindtjyöt	1
brindtjyöteð	1
brindtjyötį	1
brinduks	1
brieð	1
brieðwið	1
brieðwið	1
brindkåvär	1
brotus	1
bru	1
brufesteð	1
brukað	1
brinduksan	1
brindukse	1
briuot	1
broti	1
lärdið	1
lärer	1
lärinna	1
lärinnun	1
lannsweem	1
läpeð	1
läpeð	1
lappin	1
Launggenn	1
laungger	1
leðer	1
leðerbiter	1
laungbokkum	1
laungg	1
launggan	1
launggbokkam	1
landa	1
lainggtums	1
laingst	1
laingtes	1
laingtes	1
laiken	1
laikneð	1
laikso	1
lainggtas	1
lämäð	1
lämärä	1
lampu	1
lampun	1
laiun	1
laiune	1
laivredder	1
läka	1
leðern	1
lila	1
limmen	1
limnað	1
limneð	1
liever	1
lievt	1
lievur	1
lievur	1
lisslkulla	1
lisslkullą	1
lisslkullun	1
littnað	1
limner	1
lindeð	1
lislkullu	1
lisslgubbin	1
lievde	1
lesin	1
lesnindje	1
liðer	1
liðug	1
leðrär	1
legun	1
leså	1
lesið	1
liera	1
liessn	1
lietum	1
lieva	1
liðun	1
liekatt	1
liekattär	1
liep 	1
lågur	1
kunnug	1
kunnun	1
kunnut	1
kuogåð	1
kuler	1
kunna	1
kunnde	1
kunnið	1
kuorp	1
kuorpem	1
kuorpin	1
kuorpum	1
kuogäð	1
kuogär 	1
kuogið	1
kuogum	1
kuddn	1
krippwask	1
krippwasker	1
krissneð	1
kross	1
kripper	1
krippin	1
krippum	1
krippuop	1
krytyr	1
kuägäð	1
kuddem	1
kudder	1
kruokugum	1
kruppum	1
kryötjer	1
krypptes	1
kuosta	1
kwið	1
kwiðim	1
kwiðir	1
kwiðkuppär	1
kweldn	1
kwells	1
kwellsjätå	1
kwið	1
laðudörär	1
laðuweddjin	1
lageð	1
lagum	1
kwista	1
kwister	1
kwister	1
kwitt	1
kweld	1
kursum	1
kusulit	1
kuvą̊	1
kuvåm	1
kuppam	1
kuppe	1
kuppmörkest	1
kurk	1
kwainggluger	1
kwaingglun	1
kwaingglut	1
kwegel	1
kuvån	1
kuvelkwiðn	1
kuwert	1
kwaingglug	1
littned	1
lyngnun	1
lyölit	1
lysa	1
lyser	1
lyngna	1
lyngnað	1
lyngner	1
lyngnt	1
mainer	1
makk	1
makker	1
makklit	1
lysknappem	1
maig	1
maiga	1
maiga	1
lyngin	1
luss	1
luss wårå	1
lusseð	1
lusser	1
lupteð	1
lupter	1
lureð	1
lurer	1
luveð	1
luvið	1
luvum	1
ly'tt	1
lutun	1
lutun	1
luvå	1
luvär	1
målaðkallär	1
mertje	1
mieð	1
mieðer	1
mienas	1
mennistjferdum	1
mennistjumes	1
mennistjweem	1
męrstattjin	1
milumað	1
milumað	1
minntes	1
mittn	1
miendas	1
miende	1
miener	1
mikklum	1
menner	1
mätäð	1
Maunggsbuðum	1
Maungsbuder	1
mausärur	1
månað	1
månaðir	1
måndan	1
manngnietär	1
måyrlandskapeð	1
mener	1
menistjum	1
menistjur	1
mausum	1
måyrär	1
måyrberę	1
måyrkantem	1
luptär	1
liuotkringgt	1
liuotmitjið	1
liuotrema	1
liuotskwåpå	1
liuotguouð	1
liuotkallem	1
liuotkalln	1
liuotkåyt	1
liuotwarmt	1
liuotwasst	1
liuotwiktut	1
liv	1
liuotstinner	1
liuottyst	1
liuotunggrun	1
liuotwar	1
liuotguott	1
liuoga	1
liuosbrun	1
liuosnindjin	1
liuosningg	1
littner	1
litu	1
liuoðeð	1
liuoðeð	1
liuotduktig	1
liuotduktin	1
liuotförskrekkter	1
liuotfugeln	1
liuot	1
liuot	1
liuotblis	1
liuotdiser	1
livd	1
lossneð	1
lov	1
loveð	1
loveð	1
ljuottraivas	1
llaggd	1
log	1
lopa	1
lungin	1
lungnað	1
luoðrett	1
lupta	1
luddur	1
lukkend	1
lukker	1
lunggum	1
ljuotstraitt	1
ljuosårun	1
ljuost	1
ljuotbrygd	1
ljuotdjärå	1
livendes	1
livið	1
livum	1
ljuos	1
ljuotkaipend	1
ljuotlaunggt	1
ljuotmuosk	1
ljuotnuog	1
ljuotfaingner	1
ljuotglað	1
ljuotguott	1
ljuotintressirað	1
krippem	1
guol	1
guolt	1
guoveð	1
guoveð	1
guoðjätå	1
guoðträtt	1
guoðweðreð	1
guojätå	1
ielt	1
iemat	1
iembleð	1
iemligiet	1
i dag	1
i sigelkautum	1
ieg	1
iegde	1
guoðestað	1
guðan	1
guðan sig	1
gulleð	1
gulllitåðu	1
gryönu	1
gryöper	1
gryvel	1
gubbe	1
gunnggeð	1
guoð	1
guoða	1
guoðera	1
gullsmitåð	1
gungga	1
gunggeð	1
gunggeðið	1
iemsmaidd	1
innwið	1
insleppter	1
intnoð	1
intressirað	1
iną̊	1
indreð	1
inggum	1
innsaidun	1
isu	1
itje	1
ittað	1
iuopkrupner	1
inunder	1
irið	1
isan	1
isser	1
ilun	1
ier	1
iesn	1
iesumer	1
ietið	1
iemtjiennaðsmyöreð	1
iendier	1
ienkelt	1
ienndier	1
ila	1
illät	1
illrokkt	1
illrokkt	1
iettdier	1
igår	1
igaungg	1
ila	1
Gryöntienn	1
gerda	1
glaðir	1
glasę	1
glasį	1
gaunggienne	1
gäv	1
gävt	1
gemdes	1
glemmd	1
glemmer	1
glemt	1
glimå	1
glaskaul	1
glasruta	1
glasum	1
glemma	1
gaunggienn	1
gamblera	1
gamblu	1
gamtskansn	1
gamttollem	1
fyört	1
gåmål	1
gambeluostn	1
gambler	1
gardn	1
gardum	1
gasið	1
gatun	1
gamttolln	1
gantas	1
gåpå	1
gäpäð	1
glimer	1
grenslandeð	1
gresas	1
gręses	1
gręstas	1
grasira	1
grassireð	1
grassträ'mm	1
grassträne	1
gruopin	1
gruovum	1
grusį	1
grusweem	1
grettjrais	1
grien	1
grist	1
gruop	1
grasį	1
gnukä	1
grå	1
graina	1
gräjum	1
gluðrer	1
gnågå	1
gnar	1
gnoug	1
grannweðreð	1
grannwya	1
grannwyum	1
graseð	1
gräjur	1
grannan	1
grannmorgun	1
grannum	1
iuoprullað	1
klautstakk	1
klautum	1
kliem	1
kliema	1
klautą	1
klautär	1
klauter	1
klauter	1
klittkaller	1
klittkellinggär	1
klivið	1
klover	1
klient	1
klienu	1
klipper	1
klippum	1
klautą	1
kenntas	1
kenntes	1
klänindjin	1
kläningg	1
kelindję	1
kelingg	1
kellindjin	1
kellingg	1
klareðum	1
klarer	1
klarið	1
klauta	1
klår	1
klarað	1
klåran	1
klareð	1
kluoker	1
kordjin	1
kordjin	1
korg	1
kraksa	1
koppkåytnindje	1
koppkåytnindjin	1
kordję	1
kordjin	1
kringgeð	1
kringgt	1
kringgum	1
kripp 	1
krakser	1
krapt	1
kringgeð	1
kringgeð	1
koppkåyt	1
knakkeð	1
knaul	1
knåy'tt	1
knåyt	1
klyömm	1
knaiv	1
knaiva	1
knaivin	1
Knisjunn	1
Knisjuum	1
koldan	1
kollt	1
knåytnevum	1
knevlut	1
knevlut	1
knimm	1
kelindję	1
jasso	1
jätå	1
jätum	1
jobbeð	1
jåpums að	1
järeter	1
järtað	1
järum	1
juotað	1
juuðå	1
juuðą̊	1
kabbum	1
jobbeð	1
juol	1
juordgubbsmuoseð	1
juot	1
jåpum	1
jälåkera	1
jälåkera	1
jäldausa	1
jäldausdörum	1
iweg	1
jakte	1
jaktkåyun	1
jälåker	1
jåpas	1
jåpsamm	1
jåptes	1
jåpum	1
jälmem	1
jälmin	1
jåpa	1
jåpas	1
kåðå	1
karulin	1
kasundjin	1
kasundjin	1
kasungg	1
karta	1
kartun	1
karulig	1
karuliger	1
kåytskuona	1
kåyttið	1
kåytum	1
kåyur	1
kattem	1
kaut	1
kautem	1
kåvem	1
kappaleð	1
kaipendes	1
kåju	1
kakaokapp	1
kalas	1
kåðå	1
käðäð	1
kafikappär	1
kaipa	1
kåmpisa	1
kåmpisär	1
kanaiv	1
kantem	1
kaller	1
kalogg	1
kalsaunggun	1
kalyddję	1
kwiðim	1
